location,area,country,count
" Cocoa Beach, Brevard  County",Florida,USA,1
" Daytona Beach, Volusia County",Florida,USA,1
" Huntington Beach, Orange County",California,USA,1
" Kahului, Maui",Hawaii,USA,1
" Kalepolepo, Kihei, Maui",Hawaii,USA,1
" Marathon, Monroe County",Florida,USA,1
" New Smyrna Beach, Volusia County",Florida,USA,1
 Palm Beach County,Florida,USA,1
" Riviera Beach, Palm Beach County",Florida,USA,1
 Vieques,Puerto Rico,USA,1
"""Bunkers"" Eureka, Humboldt County",California,USA,1
"""Stuart Rocks"", Martin County",Florida,USA,1
"""Turnaround"", Cape Kiwanda, Tillamook County",Oregon,USA,1
"1 mile ESE of Navesink, Monmouth County",New Jersey,USA,1
"1 mile off Mala Wharf, Lahaina, Maui",Hawaii,USA,1
1 mile off Miami Beach,Florida,USA,1
"1.4 miles south of Ponce de Leon Jetty, New Smyrna Beach, Volusia County",Florida,USA,1
1.5 miles off Surfside ,Texas,USA,1
"1/4 to 1/2 m north of the jetty at Bunkers, Eureka, Humboldt County",California,USA,1
10 miles off Cape Canaveral,Florida,USA,1
"10 miles off Redondo Beach, Los Angeles County",California,USA,1
"10 miles off Santa Barbara, Santa Barbara County",California,USA,1
"10 miles offshore from Sea Isle City, Cape May County",New Jersey,USA,1
100 miles off Ft. Myers Beach,Florida,USA,1
"100 miles off Ocean City, Maryland, in 7000' of water",Maryland,USA,1
100 miles offshore,Florida,USA,1
"11 miles off Dog Island in the Gulf of Mexico, Franklin County",Florida,USA,1
"12 miles northeast of Mayport,  Duval County",Florida,USA,1
"12' tank at Steinhart Aquarium, San Francisco",California,USA,1
120 miles southeast of New Orleans,Louisiana,USA,1
"15 miles north of Sebastian Inlet, Brevard County",Florida,USA,1
15 miles south of Jones Inlet,New York,USA,1
150 miles from Crystal River,Florida,USA,1
150 miles off Cape Henry,Virginia,USA,1
150 miles southeast of Cape Kennedy,Florida,USA,1
16 km west of Digby Gut,Bay of Fundy,CANADA,1
"16 miles north of Fort Pierce Inlet, Indian River County ",Florida,USA,1
16 miles off Hilton Head,South Carolina,USA,1
"2 miles east of Dania Beach, Broward County",Florida,USA,1
"2 miles off Jupiter, Palm Beach County",Florida,USA,1
2 miles off Keahole Airport,Hawaii,USA,1
"2 miles off Pompano Beach, Broward County",Florida,USA,1
2 miles off Santa Catalina Island,California,USA,1
20 miles from Mayport,Florida,USA,1
20 miles off Seabright,New Jersey,USA,1
200 miles east of Savannah,Georgia,USA,1
"200 miles off Hampton Roads, Virginia, USA",Virginia,USA,1
"204s, San Clemente, Orange County",California,USA,1
24 km off Santa Catalina Island in the Channel Islands,California,USA,1
275 miles northeast of Miami,Florida,USA,1
"27th Avenue, New Smyrna Beach, Volusia County",Florida,USA,1
"3 days out of Old Saybrook, Connecticut, 37.04'N, 67.57'W, Southern fringe of Gulf Stream",Connecticut,USA,1
"3 miles east of Jacksonville Beach, Duval County",Florida,USA,1
"3 miles from shore off McGregor Point, Maui",Hawaii,USA,1
3 miles north of the inlet at Palm Beach,Florida,USA,1
"3 miles off Jupiter, Palm Beach County",Florida,USA,1
"3 miles south of Sebastian Inlet State Park, Indian River County",Florida,USA,1
"3 to 4 miles west of Indian Pass, Gulf County",Florida,USA,1
30 miles east of Corpus Christi,Texas,USA,1
30 miles south of Lynn,Massachusetts,USA,1
30 miles south of San Clemente Island,California,USA,1
"34th Avenue North, Myrtle Beach, Horry County",South Carolina,USA,1
40 miles off Cocodrie,Louisiana,USA,1
"40 miles off Islamorada, near Cay Sal",Florida,USA,1
40 miles south of Nantucket,Massachusetts,USA,1
5 miles off the coast,Alabama,USA,1
5 miles south of Palm Beach,Florida,USA,1
5 miles south of Redondo Beach,California,USA,1
50 miles NE of Honolulu,Hawaii,USA,1
50 miles offshore,New Jersey,USA,1
"500 yards from Fowey Rock Light, 9 miles east of Key Biscayne, Miami",Florida,USA,1
6 miles north of Palm Beach,Florida,USA,1
"6 miles south of Boca Chica Key, Monroe County ",Florida,USA,1
60 miles offshore north of San Juan,Puerto Rico,USA,1
60 miles southeast of Beaufort,South Carolina,USA,1
"6th Avenue North, Myrtle Beach, Horry County",South Carolina,USA,1
70 miles off Tarpon Springs,Florida,USA,1
8 miles off Mobile,Alabama,USA,1
"8 miles off Newport Beach, Orange County",California,USA,1
"8 miles off St. Marks, Wakulla County",Florida,USA,1
"8 miles south of Elliot Key, Miami-Dade County",Florida,USA,1
"8.5 miles south of Ano Nuevo State Reserve, Davenport County",California,USA,1
"9 miles north of Turtle Beach, Siesta Key, Sarasota County",Florida,USA,1
"90 miles east of Hilo, Hawai'i",Hawaii,USA,1
A quarter mile north of Fort Pierce Inlet,Florida,USA,1
"Abalone Point, Westport Union Landing, Mendocino County",California,USA,1
"Absecon, Atlantic County",New Jersey,USA,2
"Adventure Aquarium, Camden",New Jersey,USA,1
"Airplane Beach, Lahina, West Maui",Hawaii,USA,1
"Ala Moana Beach Park, Oah'u",Hawaii,USA,1
"Albergotti Creek, near Air Station boat docks, Beaufort",South Carolina,USA,1
"Albion Cove, Albion, Mendocino County",California,USA,1
"Albuquerue Aquarium, Albuquerue",New Mexico,USA,1
Alenuihaha Channel,Hawaii,USA,1
"Alligator Head, La Jolla, San Diego County",California,USA,1
"Alligator Reef off Islamorada, Monroe County",Florida,USA,1
"Alligator Reef, off Islamorada, Monroe County",Florida,USA,1
"Amelia Island, Nassau County",Florida,USA,2
American Shoals off Key West,Florida,USA,1
"Anaehoomalu Bay, Hawaii",Hawaii,USA,1
"Anahola, Kaua'i",Hawaii,USA,1
Anastasia Island,Florida,USA,1
"Anini Beach, Kaua'i",Hawaii,USA,1
"Ano Nuevo Island, San Mateo, County",California,USA,1
"Ano Nuevo, San Mateo County",California,USA,1
Apalachicola Bay ,Florida,USA,1
"Aptos, Santa Cruz County",California,USA,1
Aquadilla,Puerto Rico,USA,1
"Artifical reef 3 miles off Manatee Beach, Manatee County",Florida,USA,1
Assateague National Seashore,Maryland,USA,1
"At sea, several hundred miles south east of Cape Henry, Virginia",Virginia,USA,1
"Atascadero Beach, Morro Bay, San Luis Obispo County",California,USA,1
"Atlantic Avenue, Palm Beach County",Florida,USA,1
"Atlantic Beach, Carteret  County",North Carolina,USA,1
"Atlantic Beach, Carteret County",North Carolina,USA,1
"Atlantic Beach, Duval County",Florida,USA,2
"Atlantic Beach, Emerald Isle, Carteret County",North Carolina,USA,2
"Atlantic Beach, Horry County",South Carolina,USA,1
"Atlantic Beach, Mayport,  Duval County",Florida,USA,1
"Atlantic City, Atlantic County",New Jersey,USA,4
"Atlantic Dunes Park, Delray Beach, Palm Beach County",Florida,USA,1
"Atlantic, near New Bern, Craven County",North Carolina,USA,1
"Atlantiic Beach, Duval County",Florida,USA,1
"Atlantique Beach, Fire Island, Suffolk County",New York,USA,1
"Avalon State Park Beach, North Hutchinson Island, St Lucie County",Florida,USA,1
"Avalon, Los Angeles County",California,USA,1
"Avila Beach, San Luis Obispo County",California,USA,1
"Avon, Hatteras Island, Outer Banks, Dare County",North Carolina,USA,4
"Awendaw, Charleston County",South Carolina,USA,1
"Awili, South Kona, Hawai'i",Hawaii,USA,1
"Back River, Savannah Beach, Chatham County",Georgia,USA,1
"Baker Beach, San Francisco County",California,USA,1
"Baker's Haulover, Miami Beach",Florida,USA,1
"Bald Head Island, Brunswick County",North Carolina,USA,4
"Ballston Beach, Truro, Cape Cod",Massachusetts,USA,1
Baltimore Aquarium,Maryland,USA,1
"Barbers Point, O'ahu",Hawaii,USA,1
"Barber’s Point, O'ahu",Hawaii,USA,2
"Barnegat Light, Ocean County",New Jersey,USA,1
"Bastendorf Beach, Coos County",Oregon,USA,1
Bathtub Beach ,Florida,USA,1
"Bathtub Reef  Beach, Stuart, Martin County",Florida,USA,1
"Bathtub Reef Beach, Martin County",Florida,USA,1
"Bay Head, Ocean County",New Jersey,USA,1
"Bay St. Louis, Hancock County",Mississippi,USA,1
Bay of Fundy,New Brunswick,CANADA,1
"Bayboro, Pinellas County",Florida,USA,1
"Bayonne, Hudson County",New Jersey,USA,1
"Bayport, Hernando County",Florida,USA,1
"Bayshore Garden, Sarasota Bay, Sarasota County",Florida,USA,1
"Beach 103rd Street, Rockaway ",New York,USA,1
"Beach Haven, Ocean County",New Jersey,USA,1
"Beachway Avenue Approach, New Smyrna Beach, Volusia County",Florida,USA,1
"Beacons Beach, San Diego County",California,USA,1
"Bean Hollow State Beach, San Mateo County",California,USA,1
"Bear Harbor, Mendocino County",California,USA,1
Beaufort Inlet,North Carolina,USA,1
"Behune Beach, Volusia County",Florida,USA,1
"Bellows Beach near Wailea Point, O’ahu",Hawaii,USA,1
"Bethel Shoals, Indian River County",Florida,USA,1
Bethune Beach,Florida,USA,1
"Bethune Beach, Volusia County",Florida,USA,5
"Bethune Beach, south of New Smyrna Beach, Volusia County",Florida,USA,2
"Between  Makena & Molokini, Maui",Hawaii,USA,1
"Between Ala Moana Channel & Kewalo Basin, O'ahu",Hawaii,USA,1
"Between False Klamath & mouth of Klamath River, Del Norte County",California,USA,1
"Between Keawakapu & Makena, Maui",Hawaii,USA,1
"Between Lake Worth & Biscayne Bay, near Hillsboro",Florida,USA,1
Between Magic Sands Beach and Kahaluu Beach on the Kona coast,Hawaii,USA,1
Between Manhattan and The Bronx,New York ,USA,1
"Between Palm  & Salerno Inlets, Martin County",Florida,USA,1
"Between Pescadero Point & Bean Hollow Beach, San Mateo County",California,USA,1
Between Santa Cruz Island and Santa Barbara,California,USA,1
"Between Wrightsville Beach & Carolina Beach, New Hanover County",North Carolina,USA,1
"Big Bayou, St. Petersburg, Pinellas County ",Florida,USA,1
"Big Island off Kona Village Resort, North Kona",Hawaii,USA,1
"Big Pine Key, Monroe County ",Florida,USA,1
"Big Talbot Island, Duval County",Florida,USA,1
"Bill Baggs Cape Florida State Recreation Area, Miami-Dade County",Florida,USA,1
"Biltmore Beach, near Panama City",Florida,USA,1
"Bird Rock, Tomales Point",California,USA,1
"Bird Rock, Tomales Point, near Marin County / Sonoma County border",California,USA,1
"Bird Rock, near Tomales Point, Marin County",California,USA,1
Biscayne Bay,Florida,USA,1
"Biscayne National Park, Miami",Florida,USA,1
"Blockhouse Beach, Brevard County",Florida,USA,1
"Bluefish Cove, Pt. Lobos State Park, Monterey County",California,USA,1
"Bob Graham Beach, Martin County",Florida,USA,1
"Boca Ciega Bay, Pinellas County",Florida,USA,2
"Boca Ciega Bay, Tampa, Pinellas County",Florida,USA,1
"Boca Grande, Lee County",Florida,USA,3
"Boca Raton, Palm Beach County",Florida,USA,3
"Bodega Rock, Sonoma County",California,USA,2
Bolivar Peninsula,Texas,USA,1
"Bolsa Chica State Park, Orange County",California,USA,1
"Bonita Springs, Lee County",Florida,USA,1
"Bouges Bank, Emerald Isle, Carteret County",North Carolina,USA,1
"Boynton Beach, Palm Beach County",Florida,USA,2
"Branford, New Haven County",Connecticut,USA,1
Brazos,Texas,USA,2
"Brenecke Beach, Po'ipu, Kaua'i",Hawaii,USA,1
"Brennecke Beach, Po'ipu, Kaua'i",Hawaii,USA,1
"Brevard County, a mile north of Sebastian Inlet",Florida,USA,1
"Bridgeport, Fairfield County",Connecticut,USA,2
"Brielle, Monmouth County (Offshore)",New Jersey,USA,1
Bristol Harbor,Rhode Island,USA,1
"Broad Beach, Malibu, Los Angeles County",California,USA,1
Brooklyn,New York,USA,2
"Browns, Oahu",Hawaii,USA,1
"Brown’s Inlet on New River, Onslow Beach",North Carolina,USA,1
"Bryan Beach, Brazoria County",Texas,USA,1
Buck Island,US Virgin Islands,USA,1
"Bull’s Bay, near Charleston",South Carolina,USA,1
"Bunkers, Humboldt Bay, Eureka, Humboldt County",California,USA,3
"Burkes Beach, Hilton Head, Beaufort County",South Carolina,USA,1
"Burnt Cove near Eastport, Washington County",Maine,USA,1
"Butler Beach, St Augustine,       St. Johns County",Florida,USA,1
"Butterfly Beach, Montecito, Santa Barbara County",California,USA,1
"Buxton Beach, Dare County",North Carolina,USA,1
Calibogue Sound,South Carolina,USA,1
"Caloosahatchee River, Lee County",Florida,USA,1
"Cannons, at Ha'ena on the north shore of Kaua'i Island",Hawaii,USA,1
"Canova Beach, Brevard County",Florida,USA,1
Cape Canaveral,Florida,USA,1
"Cape Canaveral, Brevard County",Florida,USA,2
Cape Canso,Nova Scotia,CANADA,1
Cape Cod,Massachusetts,USA,1
Cape Hatteras,North Carolina,USA,1
"Cape Henlopen State Park, Sussex County",Delaware,USA,1
Cape Kiwanda,Oregon,USA,1
"Cape Kiwanda, Tillamook County",Oregon,USA,1
"Cape Kiwanda,Tillamook County",Oregon,USA,1
Cape Lookout Bight,North Carolina,USA,1
"Cape Lookout, Carteret County",North Carolina,USA,1
"Cape Sable, Monroe County",Florida,USA,1
"Cape San Blas, Gulf County",Florida,USA,2
"Capistrano, Orange County",California,USA,1
"Capitola, Santa Cruz County",California,USA,1
"Carlin Park, Jupiter Inlet",Florida,USA,1
"Carlin Park, Jupiter, Palm Beach County",Florida,USA,1
"Carmel, Monterey County",California,USA,1
Carolina Beach,North Carolina,USA,1
"Carolina Beach off Texas Avenue, New Hanover County",North Carolina,USA,1
"Carolina Beach, New Hanover County",North Carolina,USA,2
Carter Cay,Florida,USA,1
"Carysfort Lighthouse, Key Largo, Monroe County",Florida,USA,1
"Casino Beach, Pensacola, Escambia County",Florida,USA,1
"Castle Rock, San Miguel Island, Santa Barbara County",California,USA,1
"Cat Island, Harrison County",Mississippi,USA,1
Catalina Channel,California,USA,1
"Catalina Channel, Los Angeles County",California,USA,1
Catalina Island,California,USA,1
"Cedar Island, Carteret County",North Carolina,USA,1
"Central Gulf Coast, St. John County",Florida,USA,1
Channel between South Padre Island & Padre Island National Seashore,Texas,USA,1
Charleston,South Carolina,USA,7
"Charleston Harbor, Charleston County",South Carolina,USA,4
"Charlie Young Beach, Kihei, Maui",Hawaii,USA,1
Chatham Island,Massachusetts,USA,1
"Chelsea Beach, Suffolk County",Massachusetts,USA,1
"Cherie Down Park, Brevard County",Florida,USA,1
Cherry Grove,South Carolina,USA,1
Chester River,Maryland,USA,1
Chicago (Lake Michigan),Illinois,USA,1
"Chun's Reef, Laniakea, O'ahu",Hawaii,USA,1
"Clam Beach, near Eureka, Humboldt County",California,USA,1
"Clearwater Beach, Pinellas County",Florida,USA,2
"Cocoa  Beach, Brevard County",Florida,USA,1
"Cocoa Beach, Brevard  County",Florida,USA,11
"Cocoa Beach, Brevard County",Florida,USA,12
Coddington Cove,Rhode Island,USA,1
"Coligny Beach, Hilton Head, Beaufort County",South Carolina,USA,3
"Condado Beach, San Juan",Puerto Rico,USA,3
Coney Island,New York,USA,1
"Coquina Beach, Anna Maria Island, Manatee County",Florida,USA,1
"Coral Cove Park, Jupiter Inlet, Palm Beach County",Florida,USA,1
"Coral Cove Park, Jupiter Island, Martin County",Florida,USA,1
"Coral Cove Park, Palm Beach County",Florida,USA,1
"Coral Gardens Reef, 6 miles SSE of Chicoteague Inlet",Virginia,USA,1
"Corners Beach, Jupiter, Palm Beach County",Florida,USA,1
"Corolla, Currituck County",North Carolina,USA,1
"Corona Del Mar, Newport, Orange County",California,USA,1
"Coronado Strand, San Diego County",California,USA,1
Corpus Christi,Texas,USA,1
Cortes Bank,California,USA,1
"Cove Beach / Kalama Beach, Kihei, Maui",Hawaii,USA,1
"Crawford Road beach approach at New Smyrna Beach, Volusia County",Florida,USA,1
Crescent Beach St. Johns County,Florida,USA,2
"Crescent Beach, Sarasota County",Florida,USA,1
"Crescent Beach, St Johns County",Florida,USA,1
"Crescent Beach, St. Augustine, St. Johns County",Florida,USA,1
"Crescent Beach, St. Johns County",Florida,USA,3
"Croatan Beach, Virginia Beach, ",Virginia,USA,1
Crystal Beach (east of Galveston),Texas,USA,1
"Crystal Beach, Galveston  County",Texas,USA,1
Cumberland Island,Georgia,USA,1
"Curlew Island, Breton Sound",Louisiana,USA,1
"Dana Point, Orange County",California,USA,1
"Dana Point, San Clemente, Orange County",California,USA,1
"Dania, Broward County",Florida,USA,1
"Davenport Landing, Santa Cruz County",California,USA,2
"Davenport Light, San Mateo County",California,USA,1
"Davenport, Santa Cruz County",California,USA,1
"Davidson's Surf Break, Kekaha, Kaua'i",Hawaii,USA,1
"Davidsons Beach, Kekaha, Kauai",Hawaii,USA,1
"Davis Shore, east of Beaufor, Carteret Countyt",North Carolina,USA,1
"Daws Island, Broad River (near Beaufort)",South Carolina,USA,1
"Daytona  Beach, Volusia County",Florida,USA,1
Daytona Beach Shores,Florida,USA,2
"Daytona Beach Shores,  Volusia County",Florida,USA,1
"Daytona Beach Shores, Volusia County",Florida,USA,5
"Daytona Beach, Volusia County",Florida,USA,30
"Daytona Beach, Volusia County ",Florida,USA,2
"Daytona, Volusia County",Florida,USA,1
"Daytona, Volusia County ",Florida,USA,1
"DeBordieu Colony, Georgetown County",South Carolina,USA,1
"Debordieu Beach, Georgetown County",South Carolina,USA,1
"Deer Creek Beach, Ventura County",California,USA,1
"Deerfield Beach (near Boca Raton), Broward County",Florida,USA,1
"Deerfield Beach, Broward County",Florida,USA,1
Delaware Lightship,Delaware,USA,1
Delray Beach,Florida,USA,2
"Delray Beach, Palm Beach County",Florida,USA,2
"Destin, Okaloosa County",Florida,USA,2
"Destin, Walton County",Florida,USA,1
Dewey Beach,Delaware,USA,1
"Dillon Beach, Marin County",California,USA,4
"Disney / Vero Beach, Indian River County",Florida,USA,1
"Dog Patch, San Onofre",California,USA,1
"Drakes Estero, Point Reyes, Marin County",California,USA,1
"East Beach, Galveston",Texas,USA,1
East Moloka'i,Hawaii,USA,1
East River,New York,USA,1
"Edisto Beach, Colleton County",South Carolina,USA,1
"Egg Harbor, Atlantic County",New Jersey,USA,1
"Egmont Key, Hillsborough County",Florida,USA,1
"Ehukai Beach Park, Sunset Beach, O'ahu",Hawaii,USA,1
"Eight Mile Beach, Galveston",Texas,USA,1
"El Pescador Beach, Los Angeles County",California,USA,1
"Elephant Rock near Tomales Point, Marin County",California,USA,1
"Elizabeth City, Pasquotank County  ",North Carolina,USA,1
Elliot Key,Florida,USA,2
"Elliott Cut, Charleston County",South Carolina,USA,1
"Emerald Isle Pier (near Morehead City), Carteret County",North Carolina,USA,2
"Emerald Isle, Carteret County",North Carolina,USA,5
"Englewood Beach, Charlotte County",Florida,USA,1
"Everglades National Park, Monroe County",Florida,USA,1
"Ewa Beach, O'ahu",Hawaii,USA,1
"Ewa, O'ahu",Hawaii,USA,1
"Fairmount Park Aquarium, Philadelphia",Pennsylvania,USA,1
False Cape,Virginia,USA,1
Farallon Islands,California,USA,4
"Faria Beach, Ventura County",California,USA,1
Fenwick Island,Delaware,USA,1
"Fernandina Beach, Amelia Island, Nassau County",Florida,USA,1
"Fernandina Beach, Nassau County",Florida,USA,5
"Fernandina, Nassau County",Florida,USA,1
"Figure Eight Island,  New Hanover County",North Carolina,USA,1
"Figure Eight Island, Wilmington, New Hanover County",North Carolina,USA,1
"Flagler Beach, Flagler County",Florida,USA,5
"Fletcher Beach, Hutchinson Island, Martin County",Florida,USA,1
Florence,Oregon,USA,1
"Florence, Lane County",Oregon,USA,1
Florida Bay,Florida,USA,1
Florida Keys,Florida,USA,8
Florida Keys ,Florida,USA,1
"Florida Keys 25ºN,82ºW",Florida,USA,1
"Florida Keys, Monroe County",Florida,USA,9
Florida Straits,Florida,USA,2
"Floridana Beach, Brevard County",Florida,USA,4
"Follett's Island, Brazoria County",Texas,USA,1
Folly Beach,South Carolina,USA,2
"Folly Beach, Charleston County",South Carolina,USA,7
"Folly Island, near Charleston",South Carolina,USA,3
"Fort Fisher, New Hanover County",North Carolina,USA,1
Fort Lauderdale,Florida,USA,3
"Fort Lauderdale, Broward County",Florida,USA,6
"Fort Macon State Beach, Carteret County",North Carolina,USA,1
Fort Moultrie,South Carolina,USA,1
Fort Myers,Florida,USA,1
"Fort Myers Beach, Lee County",Florida,USA,1
"Fort Pickens, Escambia County",Florida,USA,1
"Fort Pierce Inlet State Park, St Lucie County",Florida,USA,1
"Fort Pierce Inlet State Park, St. Lucie County",Florida,USA,1
"Fort Pierce Inlet, St Lucie County",Florida,USA,2
"Fort Pierce Inlet, St. Lucie County",Florida,USA,1
"Fort Pierce, St Lucie County",Florida,USA,2
"Fort Pierce, St. Lucie County",Florida,USA,2
"Fort Pierce, St. Lucie County ",Florida,USA,1
"Fort Walton Beach, Okaloosa County",Florida,USA,1
Fort Worth,Florida,USA,1
"Fourchu, Cape Breton Island",Nova Scotia,CANADA,1
"Fowey Rock Light, Miami",Florida,USA,1
"Fowey Rock, Key Biscayne",Florida,USA,1
"Franklin Point, San Mateo County",California,USA,3
French Frigate Shoals,Hawaii,USA,1
Fripp Island,South Carolina,USA,1
"Fripp Island, Beaufort County",South Carolina,USA,2
Frying Pan Shoals,North Carolina,USA,1
"Ft. Lauderdale, Broward County",Florida,USA,1
"Ft. Pierce, St Lucie County",Florida,USA,1
"Gadsden Point, Tampa Bay",Florida,USA,2
Galveston,Texas,USA,6
Galveston Bay,Texas,USA,2
Galveston Island,Texas,USA,3
Galveston Ship Channel,Texas,USA,1
Garden City,South Carolina,USA,1
"Garden City Beach, Horry County",South Carolina,USA,2
"Garden Key, Charlotte County",Florida,USA,1
"Gaviota State Beach, Santa Barbara County",California,USA,1
Georges Bank,Newfoundland,CANADA,1
Georgetown County,South Carolina,USA,1
Gleneden Beach,Oregon,USA,1
"Gleneden Beach, Lincoln County",Oregon,USA,1
"Goat Rock, Bodega Bay, Sonoma County?",California,USA,1
"Goats Island (Moku’auia Island), Malaekahana State Recreation Area, Laie, O'ahu",Hawaii,USA,1
Gold  Beach,Oregon,USA,1
"Gold Beach, Curry County",Oregon,USA,1
"Grand Isle, Jefferson Parish",Louisiana,USA,1
"Grand Strand, Myrtle Beach, Horry County",South Carolina,USA,1
"Granite Pier, Rockport",Massachusetts,USA,1
"Grass Island, Aransas County",Texas,USA,1
"Greenport Sound, Long Island",New York,USA,1
Gulf Island National Seashore Park,Florida,USA,1
Gulf Islands National Seashore,Florida,USA,1
"Gulf Shores Beach, Baldwin County",Alabama,USA,1
"Gulf Shores, Baldwin County",Alabama,USA,6
Gulf of Mexico,Florida ,USA,1
"Gulf of Mexico between Brownsville & Carmen, Mexico",Texas,USA,1
"Gulf of Mexico, 22 miles from Pensacola",Florida,USA,1
"Gulf of Mexico, 65 miles offshore from Mobile",Alabama,USA,1
"Gulfstream Park beach, Palm Beach County",Florida,USA,1
Gun Beach,Guam,USA,1
"Ha'ena Beach Park, Kaua'i",Hawaii,USA,1
"Ha'ena, Kaua'i",Hawaii,USA,1
"Habush, Oahu",Hawaii,USA,1
"Hale'iwa, O'ahu",Hawaii,USA,1
"Halewia, Oahu",Hawaii,USA,1
Half mile north of Juno Beach Pier,Florida,USA,1
Halifax,Nova Scotia,CANADA,1
"Hallandale Beach, Broward County",Florida,USA,1
"Hamakua Homakua, Hawai'i",Hawaii,USA,1
"Hammocks Beach State Park, Bear Island, Onslow County",North Carolina,USA,1
Hampton Roads,Virginia,USA,1
"Hamstead, Pender County",North Carolina,USA,1
Hanalei Bay,Florida,USA,1
"Hanalei Bay, Kauai",Hawaii,USA,3
"Hanalei Bay, Kauai, ",Hawaii,USA,1
"Hanalei Point, Kaua'i",Hawaii,USA,1
"Hanna Park, Jacksonville, Duval County",Florida,USA,2
Hapuna Beach,Hawaii,USA,1
"Hapuna Beach, Hawai'i",Hawaii,USA,1
Hatillo Beach,Puerto Rico,USA,1
"Haulover Beach, Miami-Dade County",Florida,USA,2
Haulover Inlet,Florida,USA,1
"Haulover Inlet, Dade County",Florida,USA,1
"Haulover Inlet, Miami-Dade County",Florida,USA,1
Hawaii,Hawaii,USA,1
"Haystack Rock, Cannon Beach, Clatsop County",Oregon,USA,1
"Hermosa Beach, Los Angeles County",California,USA,3
"Hideaways Beach, Princeville, Kaua'i",Hawaii,USA,1
High Island,Texas,USA,1
Hillsborough Bay,Florida,USA,1
"Hilo Bay Yacht Club, Hilo, Hawai'i",Hawaii,USA,1
"Hilo, Hawai'i",Hawaii,USA,2
"Hilo, off Kaua'i",Hawaii,USA,1
"Hilton Head Island, Beaufort County",South Carolina,USA,4
"Hilton Head, Beaufort County",South Carolina,USA,1
"Ho'okipa Beach, Pa'ia, Maui",Hawaii,USA,3
Hobe Sound,Florida,USA,1
"Hobe Sound Beach, Palm Beach County",Florida,USA,1
"Hobe Sound, Martin County",Florida,USA,3
"Hobe Sound, Palm Beach County",Florida,USA,2
Hog Island,Virginia,USA,1
"Holden Beach, Brunswick County",North Carolina,USA,3
Holden Beach. Brunswick County,North Carolina,USA,3
"Hollywood Beach, Broward County",Florida,USA,3
"Hollywood Beach, just above Mattapoisett Harbor, Buzzards Bay",Massachusetts,USA,1
"Hollywood, Broward County",Florida,USA,1
"Honokohau, Maui",Hawaii,USA,1
"Honokowai Point, Maui",Hawaii,USA,1
"Honokowai, Maui",Hawaii,USA,2
"Honoli'i Pali, Hilo Bay ('Alae Point), Hawai'i",Hawaii,USA,1
Honoli'i in Hilo (west side of Big Island),Hawaii,USA,1
Honolua Bay,Hawaii,USA,1
Honolulu,Hawaii,USA,1
Honolulu Harbor,Hawaii,USA,1
"Honomu, Hawai'i",Hawaii,USA,1
"Honomuni, Moloka'i",Hawaii,USA,1
"Hooipa Beach Park, Maui",Hawaii,USA,1
Horn Island,Mississippi,USA,1
"Horners, Wailua, Kaua'i",Hawaii,USA,1
"Horseshoe Reef, Scott Creek, Davenport, Santa Cruz County",California,USA,1
"Horseshoe Rock, Santa Barbara County",California,USA,1
"Howard E. Futch Memorial Park at Paradise Beach, Brevard County",Florida,USA,1
"Hugenot Beach , Jacksonville, Duval County",Florida,USA,1
"Huguenot Memorial Park, Duval County",Florida,USA,1
Huguenot Park,Florida,USA,1
"Hultin's Beach, Oahu",Hawaii,USA,1
"Humboldt Bay, Eureka, Humboldt County",California,USA,1
Humboldt County,California,USA,1
"Huntington Beach, Orange County",California,USA,6
Hutchinson Island,Florida,USA,1
"Hutchinson Island Beach, Martin County",Florida,USA,1
"Hutchinson Island, Martin County",Florida,USA,1
"Hutchinson Island, St. Lucie County",Florida,USA,3
"Imperial Beach, San Diego County",California,USA,3
In Gulf of Mexico 17 miles off Weeki Wachee ,Florida,USA,1
"In Matawan Creek, off NJ Clay Company brickyards at Cliffwood, Monmouth County, 9.5 miles from the sea, Monmouth County",New Jersey,USA,1
In a canal 10 miles north of St Augustine,Florida,USA,1
"In front of Key Biscayne Beach Club, Key Biscayne",Florida,USA,1
"In kelp beds off La Jolla, San Diego County",California,USA,1
"In the bay near the naval yard at Pensacola, Escambia County",Florida,USA,1
"Indialantic, Brevard County",Florida,USA,4
"Indian Beach, Ecola State Park, Clatsop County",Oregon,USA,1
"Indian Beach, Ecola State Park, just north of Cannon Beach, Clatsop County ",Oregon,USA,1
"Indian Harbor Beach, Brevard County",Florida,USA,1
Indian River Inlet / Fort Pierce Inlet,Florida,USA,1
"Indian River Inlet, Rehoboth Beach",Delaware,USA,1
Indian River area,Florida,USA,1
"Indian Rocks Beach, Clearwater, Pinellas County",Florida,USA,1
"Indiatlantic, Brevard County",Florida,USA,4
"Inter-Island Dry Dock at Kakaako Street, Honolulu, O'ahu",Hawaii,USA,1
"Intracoastal Waterway,      St. Petersburg",Florida,USA,1
"Intracoastal Waterway, Boca Raton, Palm Beach County",Florida,USA,1
"Iroquiois Point, Oahu",Hawaii,USA,1
"Isla Blanca Park, South Padre Island",Texas,USA,1
"Isla Blanca Park, South Padre Island, Cameron County",Texas,USA,1
"Islamorada Founder's Park, Plantation Key, Monroe County",Florida,USA,1
"Islamorada, Monroe County",Florida,USA,1
"Isle of Palms County Park, Isle of Palms, Charleston County",South Carolina,USA,1
"Isle of Palms,  Charleston County",South Carolina,USA,1
"Isle of Palms, Charleston County",South Carolina,USA,14
"Isle of Palms, Charleston County ",South Carolina,USA,1
"J.P. Luby Surf Park, Corpus Christi",Texas,USA,1
Jacksonville,Florida,USA,1
"Jacksonville Beach, Duval County",Florida,USA,12
"Jacksonville, Duval County",Florida,USA,7
"Jacksonvlle, Duval County",Florida,USA,1
Jamaica Bay,New York,USA,1
"James Island Sound, Charleston",South Carolina,USA,1
"Jekyll Island, Glynn County",Georgia,USA,2
Jensen Beach,Florida,USA,1
"Jensen Beach Park, Martin County",Florida,USA,2
"Jensen Beach, Martin County",Florida,USA,6
"Jensen Beach, Martin County ",Florida,USA,5
"John Pennekamp Coral Reef State Park, Monroe County",Florida,USA,1
"John Pennekamp Marine Park, Monroe County",Florida,USA,1
"John's Pass, Pinellas County",Florida,USA,1
"Juan Ponce de León Landing, Melbourne Beach, Brevard County",Florida,USA,1
"Juno Beach / North Palm Beach, Palm Beach County",Florida,USA,1
"Juno Beach, Palm Beach County",Florida,USA,10
"Jupiter Beach, Palm Beach County",Florida,USA,1
Jupiter Inlet,Florida,USA,2
"Jupiter Island Beach, Martin County",Florida,USA,1
"Jupiter Island, Brevard County",Florida,USA,1
"Jupiter, Palm Beach County",Florida,USA,6
"Ka'a Point, Maui",Hawaii,USA,1
"Ka'a'awa, Oahu",Hawaii,USA,2
Ka'anapali,Hawaii,USA,1
"Ka'anapali, Honokowai, Maui",Hawaii,USA,1
"Ka'anapali, Maui",Hawaii,USA,1
"Kahakuloa, Maui",Hawaii,USA,1
"Kahala, O'ahu",Hawaii,USA,2
"Kahana Beach, Maui",Hawaii,USA,2
"Kahe Point, O'ahu",Hawaii,USA,1
"Kahului, Maui",Hawaii,USA,2
Kailua Bay,Hawaii,USA,1
"Kailua Bay, O'ahu",Hawaii,USA,1
"Kailua-Kona, Hawai'i",Hawaii,USA,1
Kaiwi Channel,Hawaii,USA,2
"Kalama Beach, Kihei, Maui",Hawaii,USA,1
"Kalama Park, Maui",Hawaii,USA,1
"Kalapaki Beach, Kauai",Hawaii,USA,1
"Kalihi, O'ahu",Hawaii,USA,1
"Kalihiwai Beach, Kauai",Hawaii,USA,1
"Kaliiwi, Kauai",Hawaii,USA,1
"Kama'ole Beach Park I, Kihei, Maui",Hawaii,USA,1
"Kama'ole Beach, Park No. 1, Kihei, Maui",Hawaii,USA,1
"Kamaole Beach Park I, Maui",Hawaii,USA,1
"Kama‘ole Beach Park, Maui ",Hawaii,USA,1
"Kamilo Point, Hawai'i",Hawaii,USA,1
"Kanaha Beach, Maui",Hawaii,USA,3
Kanahena Cove ,Hawaii,USA,1
"Kane'ohe Bay, Mokapu, O'ahu",Hawaii,USA,1
"Kane'ohe Bay, O'ahu",Hawaii,USA,1
"Kapalua, Maui",Hawaii,USA,1
"Kapehu Beach, Laupahoehoe, Hawai'i",Hawaii,USA,1
"Katrina Cut, Dauphin Island, Mobile County",Alabama,USA,1
Kau District,Hawaii,USA,3
Kauai,Hawaii,USA,3
Kaula Rock near Niihau ,Hawaii,USA,1
Kawa'a ,Hawaii,USA,1
Kawahae,Hawaii,USA,1
Ka’anapali Shores,Hawaii,USA,1
"Ka’eleki’I Point, Maui",Hawaii,USA,1
"Kea'au Beach Park, O'ahu",Hawaii,USA,1
"Kealia Beach, Kaua'i",Hawaii,USA,2
"Keaukaha, Hilo, Hawai'i",Hawaii,USA,1
"Keawakapu Beach, Maui",Hawaii,USA,2
"Keawanui, Kamalo, Moloka'i",Hawaii,USA,1
"Keawekapu Beach, Kihei, Maui",Hawaii,USA,1
"Kehena Beach, Hawaii",Hawaii,USA,1
"Kekaha Beach, Kaua'i",Hawaii,USA,1
"Kekaha Beach, Kauai",Hawaii,USA,1
"Kewalo Basin Channel, O'ahu",Hawaii,USA,1
Key Biscayne,Florida,USA,2
"Key Biscayne, Dade County",Florida,USA,1
"Key Biscayne, Miami, Dade County",Florida,USA,1
"Key Colony Beach, Monroe County",Florida,USA,1
Key Largo,Florida,USA,1
Key Largo Sound,Florida,USA,1
"Key Largo, Monroe County",Florida,USA,1
Key West Aquarium,Florida,USA,1
"Key West, Monroe County",Florida,USA,6
"Key West, Monroe County ",Florida,USA,1
"Kiawah Island, Charleston County",South Carolina,USA,3
"Kibesillah, Mendocino County",California,USA,1
"Kihei, Maui",Hawaii,USA,3
Kiholo Bay,Hawaii,USA,1
"Kingston Plantation, Myrtle Beach, Horry County",South Carolina,USA,1
"Kinikini, Mana, Kaua'i",Hawaii,USA,1
"Klamath River mouth, Del Norte County",California,USA,1
"Klamath River, Del Norte County",California,USA,2
"Koko Head, south side of O'ahu Island",Hawaii,USA,1
Kona,Hawaii,USA,1
Kona Coast State Park,Hawaii,USA,1
Kukio Beach,Hawaii,USA,1
"Kure Beach, New Hanover County",North Carolina,USA,1
"La Jolla, San Diego County",California,USA,5
La'aloa Beach Park,Hawaii,USA,1
"La'au Point, Moloka'i",Hawaii,USA,1
"La'ie Point, O'ahu",Hawaii,USA,1
"LaJolla Shores, San Diego County",California,USA,1
"LaJolla, San Diego County",California,USA,2
"Laguna Beach, Bay County",Florida,USA,1
"Laguna Beach, Orange County",California,USA,1
Lahaina,Hawaii,USA,1
"Lahaina, Maui",Hawaii,USA,1
"Lahilahi Point, Oahu",Hawaii,USA,1
"Lake Ponchartain off Southshore Harbor, New Orleans",Louisiana,USA,1
Lake Pontchartrain,Louisiana,USA,2
"Lake Worth Beach, Palm Beach County",Florida,USA,1
"Lake Worth Inlet/West Palm Beach, Palm Beach County",Florida,USA,1
"Lakewood Campground, Grand Strand, Horry County",South Carolina,USA,1
Lanai,Hawaii,USA,2
"Lanaikea, O'ahu",Hawaii,USA,1
"Lanikai Beach, Kailua, Oahu",Hawaii,USA,1
"Lantana Beach, Palm Beach County",Florida,USA,1
"Latigo Point / Paradise Cove, west of Malibu, Los Angeles County",California,USA,1
"Latigo Point / Paradise Cove,west of Malibu, Los Angeles County",California,USA,1
"Lauderdale-By-The-Sea, Broward County",Florida,USA,1
"Lauderdale-by-the-Sea, Broward County",Florida,USA,2
"Lavalette, Ocean County",New Jersey,USA,1
"Leadbetter Beach, Santa Barbara County",California,USA,1
"Leffingwell Landing, Cambria,  San Luis Obispo County",California,USA,1
"Leftovers near Chun's Reef, Oahu",Hawaii,USA,1
"Leftovers, Oahu",Hawaii,USA,1
"Leftovers, near Waimea Bay, O'ahu",Hawaii,USA,2
"Lewes, Sussex County",Delaware,USA,1
"Lifeguard Tower 16, Huntington Beach, Orange County",California,USA,1
"Lighhouse Point Park, Ponce Inlet, Volusia County",Florida,USA,1
"Lignum Vitae Channel, Florida Keys, Monroe County",Florida,USA,1
"Limantour Beach, Point Reyes National Seashore",California,USA,1
"Lincoln City, Lincoln County",Oregon,USA,1
"Linda Mar Beach, Pedro Point, San Mateo County",California,USA,2
"Litchfield Beach, Georgetown County",South Carolina,USA,1
"Little Glass Shacks, Princeville, Kaua'i",Hawaii,USA,1
"Little River Beach, Horry County",South Carolina,USA,1
"Little Talbot Island, Jacksonville, Duval County",Florida,USA,1
"Loch Lomond, Marin County",California,USA,1
"Loggerhead Park, Juno Beach, Palm Beach County",Florida,USA,2
"Long Beach, Los Angeles County",California,USA,3
"Long Branch, Monmouth County (offshore)",New Jersey,USA,1
Long Island,New York,USA,2
"Long Key, Monroe County",Florida,USA,1
"Longboat Key, Sarasota, Sarasota County",Florida,USA,1
"Longnook Beach, Truro, Barnstable County",Massachusetts,USA,1
"Lori Wilson Park, Cocoa Beach, Brevard  County",Florida,USA,3
"Lori Wilson Park, Cocoa Beach, Brevard County",Florida,USA,1
"Los Angeles, Los Angeles County",California,USA,1
"Lost Tree Village, Palm Beach County",Florida,USA,1
"Lovers Key State Park, Bonita Springs, Lee County",Florida,USA,1
Lower Delaware Bay,New Jersey,USA,1
"Lyman Beach, Kailua-Kona",Hawaii,USA,2
"Ma'ili Beach, O'ahu",Hawaii,USA,1
"Maalaea, South Maui",Hawaii,USA,1
Macarthur State Park,Florida,USA,1
"Magwoods Wharf, Charleston Harbor, Charleston County",South Carolina,USA,1
"Maha'ulepu, Koloa, Kaua'i",Hawaii,USA,1
Mahattan,New York,USA,1
"Maha‘ulepu Beach, Kauai",Hawaii,USA,1
"Maile Beach, O'ahu",Hawaii,USA,2
"Maile Point, O'ahu",Hawaii,USA,1
"Majors Bay, Kaua'i",Hawaii,USA,1
"Makaha Beach, Oahu",Hawaii,USA,1
Makaha Surf Beach,Hawaii,USA,1
"Makaha, O'ahu",Hawaii,USA,1
"Makaha, Oahu",Hawaii,USA,1
"Makahuena Point, Kauai",Hawaii,USA,1
"Makapu'u Point, O'ahu",Hawaii,USA,1
"Makena Landing, Maui",Hawaii,USA,2
"Makena, Maui",Hawaii,USA,2
"Makenat, Maui",Hawaii,USA,1
"Makua Beach, Oahu",Hawaii,USA,1
"Malaka, Oahu",Hawaii,USA,1
"Malibu, Los Angeles County",California,USA,3
"Maliko Point, Maui",Hawaii,USA,1
"Maliu, Hawai'i",Hawaii,USA,1
"Mana, Kaua'i",Hawaii,USA,1
"Manalapan, Palm Beach County",Florida,USA,1
"Manasota Beach, Sarasota County",Florida,USA,1
"Manasquan, Ocean County",New Jersey,USA,1
Manatee County,Florida,USA,1
"Manhattan Beach, Los Angeles County",California,USA,1
"Manomet Point, Plymouth, Plymouth County",Massachusetts,USA,1
"Manresa State Beach, Santa Cruz County",California,USA,1
"Marathon , Monroe County",Florida,USA,1
"Marathon, Monroe County",Florida,USA,4
"Marco Island, Collier County",Florida,USA,1
"Marconi Beach, Wellfleet, Barnstable County",Massachusetts,USA,1
"Marina State Beach, Monterey County",California,USA,2
Marques Island,Florida,USA,1
"Masonboro Inlet, New Hanover County",North Carolina,USA,1
"Masonboro Island, New Hanover County",North Carolina,USA,3
Matagorda Beach,Texas,USA,1
"Matanzas Bay Inlet, St. Johns County",Florida,USA,1
"Matanzas Inlet, St Johns County",Florida,USA,1
"Matawan Creek, 10 miles from the sea, Monmouth County",New Jersey,USA,2
Maui,Hawaii,USA,4
"Mavericks, Half Moon Bay, San Mateo County",California,USA,2
Mayport Naval Station  Duval County,Florida,USA,1
"Mayport Naval Station Beach, Duval County",Florida,USA,1
"Mayport Naval Station, Jacksonville, Duval Country",Florida,USA,1
"McArthur Beach, Singer Island, Palm Beach Shores",Florida,USA,1
"McClure Beach, near Tomales Point, Marin County",California,USA,1
"McKenzie Beach Park in Pahoa, Hawai'i ",Hawaii,USA,1
"Melbourne Beach, Brevard County",Florida,USA,18
"Melbourne Beach, Brevard County ",Florida,USA,1
"Melbourne, Brevard County",Florida,USA,1
"Menauhant Beach, Falmouth,
Barnstable County",Massachusetts,USA,1
Miami,Florida,USA,2
Miami Beach,Florida,USA,1
"Miami Beach, Dade County",Florida,USA,1
"Miami Beach, Miami-Dade County",Florida,USA,3
"Miami Seaquarium, Virginia Key, Miami, Miami-Dade County",Florida,USA,1
"Miami, Dade County",Florida,USA,1
"Miami, Miami-Dade County",Florida,USA,1
"Miami, Miami-Date County",Florida,USA,1
"Micklers Landing, St. Johns County",Florida,USA,1
"Middle Sambo Reef off Boca Chica, Monroe County",Florida,USA,1
Midnight Lump (38 miles offshore),Louisiana,USA,1
"Midway Island, Northwestern Hawaiian Islands",Hawaii,USA,2
"Midway, Northwestern Hawaiian Islands",Hawaii,USA,1
"Mispillion Light, Delaware Bay",Delaware,USA,1
"Mission Beach, San Diego County",California,USA,2
Mississippi City,Mississippi,USA,1
Mobile Bay,Alabama,USA,3
"Mokapu, Kane'ohe Marine Air Corps Station, O'ahu",Hawaii,USA,1
Moloka'i,Hawaii,USA,2
"Mona Island, 40 miles west of the mainland ",Puerto Rico,USA,1
"Monastery Beach, Carmel Bay, Monterey County",California,USA,2
"Monastery Beach, Carmel River State Park, Monterey Peninsula, Monterey California",California,USA,1
"Monster Hole, Sebastian Inlet, Indian River County",Florida,USA,1
Montauk,New York,USA,1
"Montaña de Oro State Park, San Luis Obispo County ",California,USA,1
"Montera Beach, San Mateo County",California,USA,1
Monterey Bay,California,USA,1
"Monterey Bay, Monterey County",California,USA,2
"Monterey, Monterey County",California,USA,1
"Monterey, Montery County",California,USA,1
"Moonstone Beach, Humboldt County",California,USA,4
"Moonstone Beach, South Kingstown, Washington County",Rhode Island,USA,1
"Morehead, Carteret County",North Carolina,USA,2
"Morro Bay, San Luis Obispo County",California,USA,1
"Morro Rock, Morro Bay, San Obispo County",California,USA,1
"Morro Strand State Beach, San Luis Obispo County",California,USA,1
"Mosquito Inlet (Ponce Inlet), Volusia County",Florida,USA,1
"Mount Pleasant, Charleston County",South Carolina,USA,1
"Mouth of Wallua River, Kaua'i",Hawaii,USA,1
"Mullet Key, Pinellas County",Florida,USA,1
"Municipal Bathing area, Riviera Beach, Palm Beach County",Florida,USA,1
"Municipal Beach, Boyton Beach, Palm Beach County",Florida,USA,1
"Municipal Beach, Riviera Beach, Palm Beach County",Florida,USA,1
"Municipal Beach, West Palm Beach, Palm Beach County",Florida,USA,2
"Municipal Pier, St. Petersburg, Tampa bay",Florida,USA,1
"Murrells Inlet, Georgetown County",South Carolina,USA,1
"Mustang Island State Park, Nueces County",Texas,USA,1
"Mustang Island, Corpus Christi",Texas,USA,2
"Mustang Island, Nueces County",Texas,USA,2
"Mustang Island, near Port Aransas",Texas,USA,3
Myers Creek,Oregon,USA,1
Myrtle Beach,South Carolina,USA,2
"Myrtle Beach, Horry County",South Carolina,USA,17
Mystic River,Connecticut,USA,1
Nahant,Massachusetts,USA,1
"Nakalele Point, Maui",Hawaii,USA,1
"Nanakuli, Oah’u",Hawaii,USA,1
"Nankuli, O'ahu",Hawaii,USA,1
Naples,Florida,USA,1
"Napoopoo Park in Kealakekua Bay, The Big Island",Hawaii,USA,1
"Near 70th Avenue, Myrtle Beach, Horry County",South Carolina,USA,1
"Near Boynton Beach, Palm Beach County",Florida,USA,1
"Near Cocoa Beach, Brevard  County",Florida,USA,1
"Near Encino, Los Angeles County",California,USA,1
"Near Fernandina Bar, Nassau County ",Florida,USA,1
Near Havana,CUBA,USA,1
Near Key West,Florida,USA,2
"Near New Smyrna Jetty, Volusia County",Florida,USA,1
"Near Panama City, Bay County",Florida,USA,1
"Near Paradise Cove, Malibu, Los Angeles County",California,USA,1
"Near Patrick AFB, Brevard County",Florida,USA,1
Near Patrick Air Force Base Brevard County,Florida,USA,1
"Near Port Aransas, Nueces County",Texas,USA,1
Near Port Arthur,Texas,USA,1
Near Port Canaveral Coast Guard Base,Florida,USA,1
"Near Port Lavaca, Calhoun County",Texas,USA,1
"Near Twin Islands off Lanikai, O'ahu (east coast)",Hawaii,USA,1
"Near US Air Force Base at Elgin, Okaloosa County",Florida,USA,1
Near a small wreck in a channel at Indian Key,Florida,USA,1
"Near oil rig Hondo, 5 nm from Gaviota, Santa Barbara County",California,USA,1
"Near the Bahia Honda Bridge, Monroe County",Florida,USA,1
"Near the mouth of the Cape Fear River, Brunswick County",North Carolina,USA,1
"Neptune Avenue, Ormond Beach, Volusia County",Florida,USA,1
"Neptune Beach, Duval County",Florida,USA,2
"Neptune, Duval County",Florida,USA,1
"Neskowin, Tillamook County",Oregon,USA,1
"Nest Key, Monroe County",Florida,USA,1
"New Bern, Craven County",North Carolina,USA,1
New Hanover County,North Carolina,USA,1
New Orleans,Louisiana,USA,2
"New Smyrna  Beach, Volusia County",Florida,USA,2
New Smyrna Beach,Florida,USA,4
"New Smyrna Beach / Cape Canaveral  National Seashore, Brevard County",Florida,USA,1
"New Smyrna Beach / Ponce Inlet, Volusia County",Florida,USA,1
"New Smyrna Beach / Waveland, Volusia County",Florida,USA,2
"New Smyrna Beach,  Volusia County",Florida,USA,3
"New Smyrna Beach, Volusia County",Florida,USA,172
"New Smyrna Beach, Volusia County  ",Florida,USA,1
New York,New York,USA,1
"Newcomb Hollow Beach, Wellfleet, Barnstable County",Massachusetts,USA,1
"Newport Aquarium, Newport",Kentucky,USA,1
"Newport Beach, Orange County",California,USA,3
"Newport, Lincoln County",Oregon,USA,1
"Nimitz Beach, Barbers Point, O'ahu",Hawaii,USA,1
"Nimitz State Beach, Oahu",Hawaii,USA,1
"Ninole Bay, Hawaii County",Hawaii,USA,1
"Noreiga's, Maui",Hawaii,USA,1
Norfolk,Virginia,USA,2
"Normandy Beach, Hutchinson Island,  St. Lucie County",Florida,USA,1
North Beach,Maryland,USA,1
"North Beach Inlet, St. Lucie County",Florida,USA,1
"North Beach Jetty, St Lucie County",Florida,USA,1
"North Beach, Hutchinson Island, St. Lucie County",Florida,USA,1
"North Beach, Patrick AFB, Brevard County",Florida,USA,1
"North Beach, St. Augustine",Florida,USA,1
"North Beach, St. Lucie County",Florida,USA,2
North Carolina Aquarium at Fort Fisher,North Carolina,USA,1
North Dade- Interama area of Biscayne Bay,Florida,USA,1
"North Farallon Island, Farallon Islands",California,USA,1
"North Forest Beach, near Hilton Head, Beaufort County",South Carolina,USA,1
"North Hutchinson Island, St. Lucie Couny",Florida,USA,1
"North Jetty Park, Fort Pierce, St Lucie County",Florida,USA,1
"North Jetty, Fort Pierce Inlet State Park, St. Lucie County",Florida,USA,2
"North Kihei, Maui",Hawaii,USA,1
"North Koahala, Big Island",Hawaii,USA,1
"North Kohala, Hawaii County",Hawaii,USA,1
"North Myrtle Beach, Horry County",South Carolina,USA,5
"North Salmon Creek Beach, Sonoma County",California,USA,2
"North Shore, O'ahu",Hawaii,USA,1
"North Topsail Beach, Onslow  County",North Carolina,USA,1
"North Topsail Beach, Onslow County",North Carolina,USA,4
North coast,Puerto Rico,USA,1
"North end of County Beach, Palm Beach County",Florida,USA,1
North end of Morris Island at mouth of Charleston Harbor,South Carolina,USA,1
"North of Apache Pier, Myrtle Beach, Horry County",South Carolina ,USA,1
"North of Jupiter Inlet, Palm Beach County",Florida,USA,1
"North of Morro Rock, San Luis Obispo County",California,USA,1
"North of Pidgeon Point, San Mateo County",California,USA,1
"North of Point Sur, Monterey County",California,USA,1
"North picnic area, Jekyll Island, Glynn County",Georgia,USA,1
Noyes Beach,Rhode Island,USA,1
O'ahu,Hawaii,USA,1
Oahu,Hawaii,USA,1
"Oak Beach, Fire Inlet",New York,USA,1
"Oak Island, Brunswick County",North Carolina,USA,2
Occupasstuxet  (Patuxent) Cove,Rhode Island,USA,1
"Ocean Beach, Jaycee Park, Vero Beach, Indian River County",Florida,USA,1
"Ocean Beach, San Francisco, San Francisco County",California,USA,1
Ocean City (offshore),New Jersey,USA,2
"Ocean City, Cape May County",New Jersey,USA,2
"Ocean Isle, Brunswick County",North Carolina,USA,5
"Ocean Lakes Campground, south of Myrtle Beach, Horry County",South Carolina,USA,1
"Ocean Reef Park, Singer Island, Palm Beach County",Florida,USA,5
"Ocean Ridge, Boca Raton, Palm Beach County",Florida,USA,1
"Oceanic Pier, Wrightsville Beach, New Hanover County",North Carolina,USA,1
"Oceano Dunes State Beach, San Luis Obispo County",California,USA,1
"Oceanside, San Diego County",California,USA,1
Ocracoke, North Carolina,USA,1
Ocracoke Inlet,North Carolina,USA,1
"Ocracoke Inlet, Carteret County",North Carolina,USA,1
"Ocracoke Island, Hyde County",North Carolina,USA,1
"Ocracoke, Hyde County",North Carolina,USA,2
"Ocracoke, Lifeguard Beach, National Park Service, Hyde County",North Carolina,USA,1
"Off 12th Street, Miami Beach",Florida,USA,1
"Off 21st Avenue, Isle of Palms, Charleston County",South Carolina,USA,1
"Off 29th Avenue, Myrtle Beach, Horry County",South Carolina,USA,1
"Off Andy Bowie Park, Padre Island, near Port Isabel",Texas,USA,1
"Off Boca Grande, Lee County",Florida,USA,1
"Off Boca Raton Hotel & Club, Boca Raton, Palm Beach County",Florida,USA,1
Off Brownsville,Texas,USA,1
Off Cape Hatteraa,North Carolina,USA,1
"Off Cape Hatteras, Dare County",North Carolina,USA,1
Off Catalina Island,California,USA,1
Off Charleston,South Carolina,USA,3
"Off Crystal River, Citrus County",Florida,USA,1
"Off Diamond Head, Honolulu, O'ahu",Hawaii,USA,1
"Off Eames Monument, Bridgeport, Fairfield County",Connecticut,USA,1
Off Florida coast,Florida,USA,1
"Off Fort Gaines, Dauphin Island, Mobile County",Alabama,USA,1
"Off Fort Pierce, St Lucie County",Florida,USA,1
"Off Fort Pierce, St. Lucie County",Florida,USA,1
"Off Gloucester, Essec County",Massachusetts,USA,1
"Off Hilton Head, Beaufort County ",South Carolina,USA,1
"Off Hutchinson Island, St Lucie County",Florida,USA,1
Off Jupiter,Florida,USA,1
"Off Jupiter Inlet, Palm Beach County",Florida,USA,1
Off Kawaihae,Hawaii,USA,1
Off Key Biscayne,Florida,USA,1
"Off Key Largo, Monroe County",Florida,USA,1
Off Key West,Florida,USA,1
Off Kohala,Hawaii,USA,1
"Off La Jolla Cove, San Diego County",California,USA,1
"Off Lahaina, Maui",Hawaii,USA,1
"Off Lake Worth, Palm Beach County",Florida,USA,1
"Off Leffingwell Landing, San Luis Obispo County",California,USA,1
Off Long Island,New York,USA,1
"Off Longport, Atlantic County",New Jersey,USA,1
"Off Makapauu Point, O'ahu",Hawaii,USA,2
"Off Masonboro Island, New Hanover County",North Carolina,USA,2
"Off Normandie-by-the-Sea, Monmouth County",New Jersey,USA,1
"Off Ocean City, Cape May County",New Jersey,USA,1
"Off Palos Verdes Estates, Los Angeles",California,USA,1
"Off Palos Verdes peninsula, Los Angeles County",California,USA,1
Off Panama City,Florida,USA,1
"Off Point Mugu, Ventura County",California,USA,1
"Off Port Everglades, Broward County",Florida,USA,1
"Off Pu'u Ola'l, Makena, Maui",Hawaii,USA,1
Off Sable Island,Nova Scotia,CANADA,1
"Off San Clemente Island, Los Angeles County",California,USA,1
Off San Diego,California,USA,1
"Off San Diego, San Diego County",California,USA,1
"Off San Pedro, Los Angeles County",California,USA,1
"Off Santa Monica, Los Angeles County",California,USA,1
"Off Shelter Cover (between Fort Bragg & Eureka), Humboldt County",California,USA,1
"Off Singer Island, Palm Beach County",Florida,USA,1
"Off Snipe Point, Florida Keys, Monroe County",Florida,USA,1
Off Sullivans Island,South Carolina,USA,1
"Off Surf City, Pender County",North Carolina,USA,1
Off Surfside,Texas,USA,1
Off Tarpon Springs,Florida,USA,1
Off Umpqua River,Oregon,USA,1
"Off Ventura, Anacapa & Santa Cruz Islands",California,USA,1
"Off Waianae, O'ahu",Hawaii,USA,1
"Off Zelda Boulevard, Daytona Beach, Volusia Countyy",Florida,USA,1
Off shore,New Jersey,USA,1
Off the Battery,South Carolina,USA,1
"Off the Hanalei River, Kaua'i",Hawaii,USA,1
"Offshore, between Mantoloking & Point Pleasant, Ocean County",New Jersey,USA,1
Okaloosa County,Florida,USA,1
Okaloosa Island,Florida,USA,1
"Oketee River, Jasper County",South Carolina,USA,1
Old Kona Airport State Park,Hawaii,USA,1
Olowalu,Hawaii,USA,1
"Olowalu side of Lahina, Maui ",Hawaii,USA,1
"Olowalu, Maui",Hawaii,USA,4
On one of the sounds near Wilmington,North Carolina,USA,1
"On the south side of Ponce Inlet, Volusia County",Florida,USA,1
"One'ula Beach Park, 'Ewa Beach, O'ahu",Hawaii,USA,1
Onslow Beach,North Carolina,USA,1
"Opposite Grand Wailea Resort, Wailea, Maui",Hawaii,USA,1
"Opposite Patrick Air Force Base, Brevard County",Florida,USA,1
"Opposite main gate at Patrick Air Force Base, Cape Canaveral, Brevard County",Florida,USA,1
"Ormond Beach / Daytona Beach, Volusia County",Florida,USA,3
"Ormond Beach, Volusia County",Florida,USA,11
"Ormond By The Sea, Volusia County",Florida,USA,1
"Ormond-by-the-Sea, Volusia County",Florida,USA,1
Oswald State Park,Oregon,USA,1
"Pa'uwela, Maui",Hawaii,USA,1
"Pablo Beach, Jacksonville, Duval County",Florida,USA,3
"Pacific Beach, Grays Harbor County",Washington,USA,1
"Pacific Beach, San Diego County",California,USA,1
"Pacific Grove, Monterey Bay, Monterey County",California,USA,1
"Pacific Grove, Monterey County",California,USA,1
"Pacific State , San Mateo County",California,USA,1
"Pacifica, San Mateo County",California,USA,1
Packery Channel,Texas,USA,1
Padre Island,Texas,USA,1
Padre Island National Seashore,Texas,USA,1
"Paia Bay, Maui",Hawaii,USA,2
"Pajaro Dunes, Santa Cruz County",California,USA,1
Palama,Hawaii,USA,1
Palm Beach County,Florida,USA,4
"Palm Beach Inlet, Palm Beach County",Florida,USA,2
"Palm Beach Shores, Palm Beach County",Florida,USA,1
"Palm Beach Shores, Riviera Beach, Singer Island, Palm Beach County",Florida,USA,1
"Palm Beach, Palm Beach County",Florida,USA,11
Palm Beach?,Florida,USA,1
"Palmetto Dunes, Hilton Head, Beaufort County",South Carolina,USA,1
Pamlico Sound,North Carolina,USA,1
"Pamlico Sound off Frisco, Dare County",North Carolina,USA,1
"Panacea, Wakulla County",Florida,USA,1
"Panama City, Bay County",Florida,USA,6
Papaikou plantation ,Hawaii,USA,1
"Paradise Bay (next to Wailua Bay), Maui",Hawaii,USA,1
"Paradise Beach Park, Brevard County",Florida,USA,1
"Paradise Beach, Melbourne, Brevard County",Florida,USA,1
Parris Island,South Carolina,USA,1
"Pass Christian, Hamilton County",Mississippi,USA,1
Patapsco River,Maryland,USA,1
"Patrick Air Force Base, Brevard County",Florida,USA,2
"Paukukalo, Maui",Hawaii,USA,2
"Pawleys Island, Georgetown County",South Carolina,USA,4
"Pawley’s Island, Georgetown County",South Carolina,USA,1
"Pawley’s Island, north of Charleston",South Carolina,USA,1
"Pearl Harbor Channel, O'ahu",Hawaii,USA,1
"Pearl Harbor, O'ahu",Hawaii,USA,3
"Pebble Beach, Cypress Point, Monterey County",California,USA,1
"Pecks Lake, Martin County",Florida,USA,1
"Pelican Beach Park, Satellite Beach, Brevard County",Florida,USA,2
"Pensacola  Beach, Escambia County",Florida,USA,1
"Pensacola Bay, Escambia County",Florida,USA,7
"Pensacola Harbor, Escambia County",Florida,USA,1
"Pensacola, Escambia County",Florida,USA,3
"Pepe'ekeo, Honomu, Hawai'i",Hawaii,USA,1
"Pepper Park Beach, St. Lucie County",Florida,USA,2
"Perch Rock, Point Conception, Santa Barbara County",California,USA,1
"Perdido Key near the Florida Panhandle, Escambia County",Florida,USA,1
"Perdido Key, Escambia County",Florida,USA,1
"Pet Den, Satellite Beach, Brevard County",Florida,USA,1
"Petting Tank, Florida Aquarium, Tampa, Hillsborough County",Florida,USA,1
Pigeon Point,California,USA,1
"Pigeon Point, San Mateo County",California,USA,3
"Pila'a Beach, Kaua'i",Hawaii,USA,1
"Pillar Point, Half-Moon Bay, San Mateo County",California,USA,1
"Pine Island, Corolla, Currituck County",North Carolina,USA,1
Pinellas County,Florida,USA,1
"Pinellas Point, Tampa Bay",Florida,USA,1
"Pirate's Beach, Galveston Island",Texas,USA,1
"Pirates Beach, Galveston",Texas,USA,1
"Pismo Beach, San Luis  Obispo County",California,USA,1
"Pismo Beach, San Luis Obispo County",California,USA,2
"Playalinda Beach, Brevard County",Florida,USA,6
"Playalinda Beach, Canaveral National Seashore, Brevard County",Florida,USA,5
"Playalinda, Brevard County",Florida,USA,1
"Pleasure Point, Santa Cruz County",California,USA,1
Pohoiki ,Hawaii,USA,1
"Point Buchon, San Luis Obispo County",California,USA,1
"Point Comfort, Calhoun County",Texas,USA,1
"Point Conception, Santa Barbara County",California,USA,2
Point Judith,Rhode Island,USA,1
"Point Purisima, Santa Barbara County",California,USA,1
"Point Sur, Monterey County",California,USA,1
"Pompano Beach, Palm Beach County",Florida,USA,1
"Ponce De Leon Inlet, Volusia County",Florida,USA,1
"Ponce Inlet,  New Smyrna Beach, Volusia County",Florida,USA,1
"Ponce Inlet, New Smyrna Beach, Volusia County",Florida,USA,12
"Ponce Inlet, Volusia County",Florida,USA,22
"Ponce de Leon Inlet, Volusia County",Florida,USA,2
"Ponce de Leon Inlet, Volusia County ",Florida,USA,3
"Ponce, Volusia County",Florida,USA,1
Pontchartrain Beach,Louisiana,USA,1
"Ponte Vedra Beach, St Johns County",Florida,USA,3
"Ponte Vedra Beach, St. Johns County",Florida,USA,2
"Ponte Vedra, St. Johns County",Florida,USA,3
Port Aransas,Texas,USA,1
"Port Bolivar, Galveston County",Texas,USA,1
"Port Lavaca, Calhoun County",Texas,USA,1
"Port of the Islands, Collier County",Florida,USA,1
"Portlock, Oahu",Hawaii,USA,1
"Portuguese Beach at mouth of Salmon Creek, Sonoma County",California,USA,1
"Pounders Beach, Oahu",Hawaii,USA,1
Prince William Sound,Alaska,USA,1
"Prince's Bay, Staten Island",New York,USA,1
Providence,Rhode Island,USA,1
"Puamana, Lahaina, Maui",Hawaii,USA,1
"Public Beach (Carlin Park), Jupiter, Palm Beach County",Florida,USA,1
"Public Beach, Siesta Key, Sarasota County",Florida,USA,1
Puna,Hawaii,USA,2
Punaluu,Hawaii,USA,1
"Quarter mile offshore in Kaanapali, West Maui",Hawaii,USA,1
"Quarter mile south of Ponce de Leon Inlet, Volusia County",Florida,USA,1
Quebradillas,Puerto Rico,USA,1
Ramshorn Creek,South Carolina,USA,1
Raritan Bay,New Jersey,USA,1
"Redondo, Los Angeles County",California,USA,1
"Reeds Bay, Brigantine, Atlantic County",New Jersey,USA,1
"Refugio State Beach, Santa Barbara County",California,USA,1
"Resident's Beach, Marco Island",Florida,USA,1
"Rhode River, Chesapeake Bay",Maryland,USA,1
River mouth,Mississippi,USA,1
Riviera Beach,Florida,USA,1
"Riviera Beach, Palm Beach County",Florida,USA,7
"Riviera Beach, near Palm Beach Inlet, Palm Beach County",Florida,USA,1
"Rock Harbor, Key Largo, Monroe County",Florida,USA,1
Rockaway,New York,USA,2
Rockaway Beach,New York,USA,1
Rockport,Texas,USA,1
"Rockport, Aransas County",Texas,USA,1
"Rocky Point, north shore of O'ahu",Hawaii,USA,1
"Rodanthe, Dare County",North Carolina,USA,2
"Round Island Park, Indian River County",Florida,USA,2
"Running Waters Beach, Ninini Point, Kaua'i",Hawaii,USA,1
"Russian Gulch, Jenner, Sonoma County",California,USA,1
"Sag Harbor, Suffolk County",New York,USA,1
"Sailors Haven, Fire Island, Suffolk County",New York,USA,1
"Salmon Beach, Sonoma County",California,USA,1
"Salmon Creek Beach, Sonoma County",California,USA,1
"Salmon Creek, Sonoma County",California,USA,2
"Salter Path, Atlantic Beach, Carteret County",North Carolina,USA,1
"Salvo, Dare County",North Carolina,USA,1
"Samoa Beach, Humboldt County",California,USA,1
San Diego County,California,USA,1
"San Diego, San Diego County",California,USA,2
San Francisco,California,USA,1
San Francisco Bay,California,USA,3
"San Francisco Bay (or San Leandro Bay), near cannery, Alameda County",California,USA,2
"San Gregorio Beach, San Mateo County",California,USA,1
San Juan,Puerto Rico,USA,2
San Mateo County,California,USA,1
"San Miguel Island, Santa Barbara County",California,USA,3
"San Nicholas Island, Santa Barbara County",California,USA,1
"San Onofre State Beach, San Diego County",California,USA,4
"San Onofre, San Diego County ",California,USA,4
"Sand Key Beach, Clearwater, Pinellas County",Florida,USA,1
"Sandbridge Beach, Princess Anne County",Virginia,USA,1
Sandridge Beach,Virginia,USA,1
"Sandridge Beach, Virginia Beach, Princess Anne County",Virginia,USA,1
"Sands Cut, Elliot Key",Florida,USA,1
"Sandspit Beach, Montaña de Oro State Park ",California,USA,1
"Sandy Beach, Oahu",Hawaii,USA,1
"Sandy Hook (ocean side), Monmouth County",New Jersey,USA,1
"Sandy Hook Bay, Highlands, Monmouth County",New Jersey,USA,2
"Sandy Hook, Monmouth County",New Jersey,USA,1
"Sanibel Island, Lee County",Florida,USA,8
Santa Barbara Channel,California,USA,2
Santa Barbara County,California,USA,3
"Santa Catalina Island, Los Angeles County",California,USA,2
"Santa Cruz, Santa Cruz County",California,USA,2
"Santa Lucea Beach, South Hutchinson Island, St. Lucie County",Florida,USA,1
"Santa Maria Island, Manatee County",Florida,USA,2
"Santa Monica, Los Angeles County",California,USA,4
"Santa Rosa Beach, Walton County",Florida,USA,1
"Santa Rosa Island, Escambia County",Florida,USA,1
Santa Rosa Sound Escambia County,Florida,USA,1
Santurce,Puerto Rico,USA,1
Sarasota Bay,Florida,USA,1
Sarasota County,Florida,USA,2
"Sarasota, Sarasota County",Florida,USA,1
"Sargent Beach, Matagorda County",Texas,USA,2
"Satellite  Beach, Brevard County",Florida,USA,1
"Savannah Beach, Savannah, Chatham County",Georgia,USA,1
Scofield - Sandy Point,Louisiana,USA,1
"Scripps, LaJolla, San Diego County",California,USA,1
"Sea Bright, Monmouth County",New Jersey,USA,2
"Sea Girt, Monmouth County",New Jersey,USA,2
"Sea Pines Beach Club, Hilton Head, Beaufort County",South Carolina,USA,1
"Sea Pines Resort, Hilton Head Island, Beaufort County",South Carolina,USA,1
"Sea Ranch, Sonoma County",California,USA,1
"Sea Spray, Palm Beach",Florida,USA,1
"Seabright, Monmouth County",New Jersey,USA,1
Seabrook Beach,South Carolina,USA,2
"Seal Beach, Orange County",California,USA,1
"Seal Rock, Goleta Beach, Santa Barbara",California,USA,1
"Seaport, Brevard County",Florida,USA,1
Seaside,Oregon,USA,1
Seaside Cove,Oregon,USA,1
"Seaside Park, Ocean County",New Jersey,USA,1
"Seaside, Ocean County",New Jersey,USA,1
Sebastian Inlet,Florida,USA,1
"Sebastian Inlet, Brevard County",Florida,USA,2
"Sebastian Inlet, Indian River County",Florida,USA,1
"Sebastian Inlet, Indian River or Brevard County",Florida,USA,1
"Sebastian, Indian River County",Florida,USA,1
Second Narrows in Burrard Inlet,Vancouver,CANADA,1
"Seminole Avenue, Ormond Beach, Volusia County",Florida,USA,1
"Sewell’s Point, near Palm Beach",Florida,USA,1
"Shark Shallows, Ponce Inlet, Volusia County",Florida,USA,1
"Sheepshead Bay, Brooklyn",New York,USA,2
"Shell Beach, San Luis Obispo County",California,USA,1
"Shell Island Panama City Beach, Bay County",Florida,USA,2
"Shelter Cove, Humboldt County",California,USA,1
"Shelter Cover, north of Fort Bragg, Shelter Cove, Mendocino County",California,USA,1
"Shepard Park, Cocoa Beach, Brevard County ",Florida,USA,1
"Ship Bottom, Ocean County",New Jersey,USA,1
"Shipwreck’s Beach, Keoneloa Bay, Kauai",Hawaii,USA,1
"Shipyard Beach Club, Hilton Head Island, Beaufort County",South Carolina,USA,1
"Short Sand Beach, Oswald West State Park",Oregon,USA,1
"Shrewsbury River,  Monmouth County",New Jersey,USA,1
"Shrewsbury River, Highlands, Monmouth County", New Jersey,USA,1
"Shrewsbury River, Highlands, Monmouth County",New Jersey,USA,1
"Siesta Key, Sarasota County",Florida,USA,1
"Siletz River mouth, Lincoln County",Oregon,USA,1
"Silva's Channel, Mokuleia, O'ahu",Hawaii,USA,1
"Silver (Silva) Channels, Waialua, O'ahu",Hawaii,USA,1
"Singer Island, Palm Beach County",Florida,USA,1
"Singer Island, Riviera Beach",Florida,USA,1
"Singer Island, Riviera Beach, Palm Beach County",Florida,USA,10
"Singleton Beach, Hilton Head Island, Beaufort County",South Carolina,USA,1
"Slaunwhite's Ledge, Hubbard Cove",Halifax,CANADA,1
Small creek near Coles Island,South Carolina,USA,1
"Smith Point, Long Island",New York,USA,1
"Smithville (now Southport), Brunswick County",North Carolina,USA,1
"Smyrna Dunes  Park, New Smyrna Beach, Volusia County",Florida,USA,1
"Smyrna Dunes Park, New Smyrna Beach, Volusia County",Florida,USA,1
"Snapper Point Jetty, Miami, Dade County",Florida,USA,1
"Snipes Point, Monroe County",Florida,USA,1
"Solana Beach, San Diego County",California,USA,2
"Soldier Key, Miami-Dade County",Florida,USA,1
Somewhere between Hatteras and Beaufort,North Carolina ,USA,1
"South Beach Park, Indian River County",Florida,USA,1
"South Beach, Fort Pierce, St Lucie County",Florida,USA,1
"South Beach, Hunting Island State Park, Beaufort County",South Carolina,USA,1
"South Beach, Miami-Dade County",Florida,USA,1
"South Beach, Sebastian, Indian River County",Florida,USA,1
"South Beach, Westport, Grays Harbor County",Washington,USA,1
"South Forest Beach, Hilton Head Island, Beaufort County",South Carolina,USA,1
"South Jacksonville Beach, Duval County",Florida,USA,1
"South Jetty, Galveston",Texas,USA,1
"South Jetty, New Smyrna Beach, Volusia County",Florida,USA,4
"South Kohala, Hawai'i",Hawaii,USA,1
"South Miami Beach, Dade County",Florida,USA,1
"South Moss Beach, Spanish Bay, Monterey Peninsula",California,USA,1
South Padre Island,Texas,USA,5
"South Padre Island, Cameron County",Texas,USA,2
"South of Cocoa Beach, Brevard County",Florida,USA,1
"South of Neptune Beach, Duval County",Florida,USA,1
"South of Ponce Inlet, New Smyrna Beach, Volusia County",Florida,USA,2
"South of Ponce Inlet, Volusia County",Florida,USA,2
"South of Ponce de Leon Jetty, New Smyrna Beach, Volusia County",Florida,USA,2
"South side of Ponce de Leon Inlet, Volusia County",Florida,USA,1
Southeast Farallon Island,California,USA,1
"Southeast Farallon Island, Farallon Islands",California,USA,2
"Southport, Brunswick County",North Carolina,USA,1
Southwest of O'ahu,Hawaii,USA,1
"Spanish House Beach, Brevard County",Florida,USA,1
"Spanish River Park Beach, Palm Beach County",Florida,USA,1
"Spessard Holland Park, Melbourne Beach, Brevard County",Florida,USA,1
"Spreckelsville, Maui",Hawaii,USA,1
"Spring Lake, Monmouth County",New Jersey,USA,2
"St Augustine Beach, St Johns County",Florida,USA,2
St Augustine Beach. St. Johns County,Florida,USA,1
"St Augustine, St Johns County",Florida,USA,2
"St Augustine, St. Johns County",Florida,USA,1
St Lucie County,Florida,USA,1
"St. Andrews State Park, Bay County",Florida,USA,1
St. Augustine,Florida,USA,1
St. Augustine  St. Johns County,Florida,USA,1
"St. Augustine Beach, St. John's County",Florida,USA,1
"St. Augustine Beach, St. Johns County",Florida,USA,1
"St. Augustine, St Johns County",Florida,USA,2
"St. Augustine, St. John's County",Florida,USA,3
"St. Augustine, St. Johns County",Florida,USA,1
"St. Croix, Cane Bay",US Virgin Islands,USA,1
"St. George Island (near Apachicola), Franklin County",Florida,USA,1
"St. Helena Island, Beaufort County",South Carolina,USA,2
St. John's River,Florida,USA,1
"St. John's River, Jacksonville, Duval County",Florida,USA,1
"St. John, Genti Bay",US Virgin Islands,USA,1
St. Louis,Missouri,USA,1
St. Lucie County,Florida,USA,3
"St. Petersburg Beach, Pinellas County",Florida,USA,1
"St. Petersburg, Pinellas County",Florida,USA,2
"St. Petersburg, Pinnellas County",Florida,USA,1
St. Pierre Bank ,Newfoundland,CANADA,1
"St. Simon Island, Glynn County",Georgia,USA,1
"St. Simons Island or Jeykll Island, Glynn County",Georgia,USA,1
"St. Thomas, Magens Bay",US Virgin Islands,USA,1
Staten Island,New York,USA,1
"Staten Island, Richmond County",New York ,USA,2
"Stearns Wharf, Santa Barbara",California,USA,1
"Steel Pier, Atlantic City, Atlantic County",New Jersey,USA,1
"Stillwater Cove, Monterey County",California,USA,1
"Stillwater Cove, Sonoma County",California,USA,1
"Stinson Beach, Marin County",California,USA,2
"Stono Inlet, near Charleston, Charleston County",South Carolina,USA,2
"Stuart Beach, Martin County",Florida,USA,4
"Stuart Beach, Martin County ",Florida,USA,1
"Stuart Park Beach, Martin County",Florida,USA,1
"Stuart Rocks, Martin County",Florida,USA,1
"Stuart, Martin County",Florida,USA,1
Sullivan's Island,South Carolina,USA,4
Sullivan's Island at entrance to Charleston Harbor,South Carolina,USA,1
"Summerland Key, Monroe County",Florida,USA,1
"Sunday Beach, Matagorda Island, Calhoun  County",Texas,USA,1
"Sunglow Pier, Daytona Beach Shores, Volusia County",Florida,USA,1
"Sunset Beach, Brunswick County",North Carolina,USA,2
"Sunset Beach, O'ahu",Hawaii,USA,1
"Sunset Beach, Oahu",Hawaii,USA,1
"Sunset Beach, Orange County",California,USA,1
"Sunset Cliffs, San Diego",California,USA,1
"Sunset Cliffs, San Diego, San Diego County",California,USA,1
"Surf Beach, Lompoc, Santa Barbara County",California,USA,2
"Surf Beach, Vandenberg AFB, Santa Barbara County",California,USA,1
Surf City,North Carolina,USA,1
"Surf City, Long Beach Island, Ocean County",New Jersey,USA,1
"Surf City, Topsail Island, Pender County",North Carolina,USA,2
Surfside Beach,Texas,USA,1
"Surfside Beach, Brazoria County",Texas,USA,1
"Surfside Beach, Horry  County",South Carolina,USA,1
"Surfside, Orange County",California,USA,1
"Swampscott, Essex County",Massachusetts,USA,1
"Table Beach, Brevard County",Florida,USA,1
"Tampa Bay, Hillsborough County",Florida,USA,2
"Tampa Bay, Manatee County",Florida,USA,1
"Tangier Sound, Somerset County",Maryland,USA,1
"Tavares Bay, Maui",Hawaii,USA,1
"Taverniier, Monroe County",Florida,USA,1
"Ten Thousand Islands National Wildlife Refuge, Collier County",Florida,USA,1
"Terramar Beach, Carlsbad, San Diego County",California,USA,1
"Texas City, Galveston",Texas,USA,1
The Narrows,New York,USA,1
"The Rocks, Hutchinson Island, Martin County",Florida,USA,1
"Thunderbolt, Chatham County",Georgia,USA,1
"Tiger Shores Beach, Martin County",Florida,USA,3
"Tigertail Beach, Collier County",Florida,USA,1
"Tillamook Head, Clatsop County",Oregon,USA,1
"Tofino, Vancouver",British Colombia,CANADA,1
"Tomales Point, Marin County",California,USA,4
"Topanga Beach, Los Angeles County",California,USA,1
"Topanga Canyon Beach, Santa Monica Bay",California,USA,1
"Topsail Beach, Pender County",North Carolina,USA,1
"Topsail Island, Pender County",North Carolina,USA,2
"Tourmaline Surf Park, San Diego County",California,USA,1
"Treasure Shores Beach, Indian River County",Florida,USA,1
"Trinidad Bay, Humboldt County",California,USA,1
"Trinidad Beach, Huboldt County",California,USA,1
"Trinidad Head, Humboldt County",California,USA,1
"Trinidad State Beach, Humboldt County",California,USA,1
"Trout River, Panama Park",Florida,USA,1
"Truro (Cape Cod), Barnstable County",Massachusetts,USA,1
"Tunitas Beach, San Mateo County",California,USA,1
"Tunnels surf break off Makua Beach, Kaua'i",Hawaii,USA,1
"Turtle Beach, Siesta Key, Sarasota County",Florida,USA,2
"Twin Arches, Hana Ranch, Maui",Hawaii,USA,1
"Two miles off Key Colony Beach, Monroe County",Florida,USA,1
"Tybee Island, Chatham County",Georgia,USA,3
"Ulua Beach, Maui",Hawaii,USA,1
"Uo, Lahaina, Maui",Hawaii,USA,1
"Upolu Point, North Kohala, Big Island",Hawaii,USA,1
"Usal Creek, Bear Harbor, Mendocino County",California,USA,1
"Vaca Cut Channel & bridge under Marathon, Monroe County",Florida,USA,1
"Van Ness Municipal Pier, San Francisco",California,USA,1
"Vaughn Beach, Flagler County",Florida,USA,1
Velasco,Texas,USA,1
Velzyland,Hawaii,USA,1
"Velzyland, north shore of O'ahu",Hawaii,USA,1
"Venice Beach, Los Angeles County",California,USA,4
"Venice Pier, Venice, Los Angeles County",California,USA,1
Ventnor,New Jersey,USA,1
Ventura,California,USA,1
"Vero Beach, Indian River County",Florida,USA,8
"Vero Beach, St. Lucie County",Florida,USA,1
Victim was on said to be on tanker that collided off Florida coast on 10-20-1943,Florida,USA,1
"Vilano Beach, St.  Johns County",Florida,USA,3
"Virginia Aquarium & Marine Science Center, Virginia Beach ",Virginia,USA,1
Virginia Beach,Virginia,USA,1
"Virginia Beach, Princess Anne County",Virginia,USA,3
Volusia County,Florida,USA,2
Volusia County  ,Florida,USA,1
"Wabasso Beach, Indian River County",Florida,USA,1
"Waddell Reef, Santa Cruz County",California,USA,1
"Wai'anae, O'ahu",Hawaii,USA,1
"Waialua Bay, O'ahu",Hawaii,USA,1
"Waialua Beach, Moloka'i",Hawaii,USA,1
"Waiau, Pearl Harbor, O'ahu",Hawaii,USA,1
"Waiehu, Maui",Hawaii,USA,1
"Waihe'e, Maui",Hawaii,USA,1
"Waihe'e, Wailuku, Maui",Hawaii,USA,1
Waikiki,Hawaii,USA,1
"Waikiki Beach, Oahu",Hawaii,USA,1
"Waikiki, ",Hawaii,USA,1
"Waikiki, O'ahu",Hawaii,USA,1
Waikoloa area,Hawaii,USA,1
"Wailea Beach, Maui",Hawaii,USA,2
"Wailea, Maui",Hawaii,USA,1
"Wailua, Kaua'i",Hawaii,USA,1
"Wailupe, O'ahu",Hawaii,USA,1
"Waimanu, Honoka'a, Hawai'i",Hawaii,USA,1
"Waimea Bay, O'ahu",Hawaii,USA,1
"Waiokapua Bay/Majors Bay, Brennecke Beach, Poipu, Kaua'i Island",Hawaii,USA,1
Waipo,Hawaii,USA,1
"Waites Island, Horry County",South Carolina,USA,1
"Walden Rocks, St. Lucie County",Florida,USA,1
"Walls Beach, Vandenberg AFB, Santa Barbara County",California,USA,1
"Walton Rocks, St Lucie County",Florida,USA,1
Water Island,US Virgin Islands,USA,1
"Waveland Beach, Hutchinson Island, St Lucie County",Florida,USA,1
"Waveland Beach, Hutchinson Island, St. Lucie County",Florida,USA,1
West Bay near Galveston ,Texas,USA,1
"West Bay, 19 miles from Galveston",Texas,USA,1
"West Beach, Galveston",Texas,USA,1
"West Cove, Catalina Island",California,USA,1
"West Palm Beach, Palm Beach County",Florida,USA,1
"White Plains Beach, Barbers Point, O'ahu",Hawaii,USA,2
"White Plains Beach, Oahu",Hawaii,USA,2
Whitewood Point on Lloyd Neck in Oyster Bay,New York,USA,1
"Wiggins Pass, Collier County",Florida,USA,1
"Wilbur-by-the-Sea, Volusia County",Florida,USA,1
Wilkes Islet Lagoon (Pacific Ocean north of the Marshall Islands),Wake Island,USA,1
"Will Rogers State Beach, Los Angeles County",California,USA,1
"Wilmington River, Chatham County",Georgia,USA,1
Winchester Bay,Oregon,USA,3
"Winchester Bay, Douglas County",Oregon,USA,1
"Windsor Beach, Indian River County",Florida,USA,1
Windy Hill Beach,South Carolina,USA,1
"Windy Hill, near Myrtle Beach, Horry County",South Carolina,USA,1
"Winterhaven Park,           Ponce Inlet, Volusia County",Florida,USA,1
Winyah Bay,South Carolina,USA,1
"Woodcliff Channel, Freeport, Long Island",New York,USA,1
"Woolsey's Point, East River",New York,USA,1
"World Typhoon Lagoon, Disney Water Park, Orange County",Florida,USA,1
"Wreck of the Navy Barge, 22 miles SE of Rudee ",Virginia,USA,1
Wreck of the U-352 ,North Carolina ,USA,1
Wrightsville Beach,South Carolina,USA,1
"Wrightsville Beach, New Hanover County",North Carolina,USA,5
"Zuma Beach, Santa Monica, Los Angeles County",California,USA,1
"a creek near Jacksonville, Duval County",Florida,USA,1
"a pier at the end of Caxambas Drive, Marco Island ",Florida,USA,1
"off Grand Lake, Cameron Parish",Louisiana,USA,1
½ mile offshore & 9 miles north of Fort Pierce,Florida,USA,1
“Southern Wharf”,South Carolina,USA,1
